bureau,hjemmeside,kontaktperson,email,profilfil,sendt_dato,svar (ja/nej/måske),pris de vil betale,noter
Fusio,https://www.fusio.net,,,,,,,"Dublin, siden 1996. Web + apps. Offentlige kunder (Department of Foreign Affairs, Met Éireann). Stærk i tilgængelighed"
Content Plan,https://www.contentplan.ie,,,,,,,"Kunder: Dublin City Council, Carlow County Council, Central Bank, flere ministerier"
Dovetail Technologies,https://www.dovetail.ie,,,,,,,"Dublin, Microsoft-stack, custom software. Kunder: Transport Infrastructure Ireland, Food Safety Authority. Tjek at hjemmesiden er det rigtige firma"
Annertech,https://www.annertech.com,,,,,,,"Drupal/LocalGov Drupal til kommuner (Dublin City, Cork County m.fl.). Større bureau - følger måske allerede udbud selv"
2Cubed,https://2cubed.ie,,,,,,,"Web-bureau siden 2011, bl.a. offentlig sektor og uddannelse"
Drupal Art Ireland,https://drupart.ie,,,,,,,"Drupal-bureau, kunder i sundhed, uddannelse, kultur"
Insight Multimedia,https://www.insightmultimedia.ie,,,,,,,"Skriver om tilgængelighedskrav for offentlige websites"
Total Digital,https://accessibility.ie,,,,,,,"Dublin, 20+ år, tilgængelige digitale løsninger"
Tapadoo,https://tapadoo.com,,,,,,,"App-udvikler i Irland"
Square Root,https://squareroot.ie,,,,,,,"App-udvikler i Irland"
